{
  "headers/add_via": 865.9111177205759,
  "headers/get_via": 22.255805981392676,
  "headers/has_route": 14.94996447731407,
  "headers/set_max_forwards": 840.7952075702076,
  "parse/invite_no_sdp": 1731.667943589396,
  "parse/invite_sdp": 1736.8355522188854,
  "parse/register": 1877.663150856974,
  "parse/response_200": 1232.3970191928818,
  "roundtrip/invite_sdp": 2650.0363885788693,
  "serialize/invite_sdp_to_bytes": 610.1611244919463,
  "txn_key/invite": 154.20590018178493,
  "txn_key/response": 222.99471398259624
}
